member_id,first_name,last_name,date_of_birth,ssn_last4,zip,plan_code
MEMBER_A_00001,Danielle,Johnson,1958-02-24,1824,03279,PPO_GOLD
MEMBER_A_00002,Jeffrey,Doyle,1984-08-29,4506,32099,HMO_SILVER
MEMBER_A_00003,Patricia,Miller,1967-11-05,3657,18290,MEDICARE_A
MEMBER_A_00004,Anthony,Robinson,1973-05-09,1679,88697,EPO_BRONZE
MEMBER_A_00005,Anthony,Gonzalez,1982-11-22,8935,11396,HMO_SILVER
MEMBER_A_00006,Amy,Robinson,1978-11-21,9674,55303,PPO_GOLD
MEMBER_A_00007,Lisa,Smith,1993-03-08,0520,03906,HMO_SILVER
MEMBER_A_00008,Helen,Peterson,1950-04-05,1535,28658,EPO_BRONZE
MEMBER_A_00009,Susan,Rogers,1946-02-13,3811,66238,PPO_GOLD
MEMBER_A_00010,Colin,Abbott,1979-11-05,9863,03479,EPO_BRONZE
MEMBER_A_00011,Lindsay,Blair,1975-05-23,9195,26063,PPO_GOLD
MEMBER_A_00012,Teresa,Gray,1976-06-07,8928,54988,MEDICARE_A
MEMBER_A_00013,Maria,Montgomery,11/14/1996,3611,58879,EPO_BRONZE
MEMBER_A_00014,Barbara,Bush,1943-01-09,9654,36464,PPO_GOLD
MEMBER_A_00015,Jeremy,Roberts,1945-04-07,0106,99459,EPO_BRONZE
MEMBER_A_00016,Jesse,Garcia,1958-05-06,2615,91507,EPO_BRONZE
MEMBER_A_00017,Cynthia,Diaz,1964-06-06,6924,44598,EPO_BRONZE
MEMBER_A_00018,Jason,Adams,2001-10-25,4552,20380,PPO_GOLD
MEMBER_A_00019,Deborah,Lynch,1951-04-18,3527,44119,HMO_SILVER
MEMBER_A_00020,Jessica,Martin,1965-01-16,1674,12157,HMO_SILVER
MEMBER_A_00021,Veronica,Bowman,1976-10-03,6224,12677,PPO_GOLD
MEMBER_A_00022,Gabrielle,Cameron,1991-03-20,5881,45083,EPO_BRONZE
MEMBER_A_00023,Jeremy,Johnson,1960-10-26,9891,34672,MEDICARE_A
MEMBER_A_00024,Joseph,Clark,03/25/2002,0711,95648,EPO_BRONZE
MEMBER_A_00025,Nancy,Edwards,1983-04-05,7527,70285,HMO_SILVER
MEMBER_A_00026,Randall,Rocha,1970-04-14,2045,49616,EPO_BRONZE
MEMBER_A_00027,Joseph,Wright,1977-01-18,1291,72358,PPO_GOLD
MEMBER_A_00028,Jose,Richards,1999-04-03,4803,82398,HMO_SILVER
MEMBER_A_00029,Reginald,Robinson,2005-11-01,5925,75675,HMO_SILVER
MEMBER_A_00030,William,Davis,1943-02-09,3150,92350,HMO_SILVER
MEMBER_A_00031,Daniel,Burton,1992-04-10,1139,06007,EPO_BRONZE
MEMBER_A_00032,Robert,Brown,1965-03-09,3733,37931,EPO_BRONZE
MEMBER_A_00033,Wendy,Rice,02/02/2004,1307,30513,MEDICARE_A
MEMBER_A_00034,Michelle,Smith,1987-07-26,1654,49824,PPO_GOLD
MEMBER_A_00035,Erin,Herrera,1957-08-11,4554,59430,HMO_SILVER
MEMBER_A_00036,Danielle,Rodriguez,1968-09-10,5977,21320,MEDICARE_A
MEMBER_A_00037,Shawn,Mckay,1997-10-21,6065,46567,PPO_GOLD
MEMBER_A_00038,Jose,Mason,1951-10-16,3432,87842,HMO_SILVER
MEMBER_A_00039,Rita,Harrell,1959-09-12,4374,91989,PPO_GOLD
MEMBER_A_00040,Danielle,Lynch,1950-02-01,1169,79841,MEDICARE_A
MEMBER_A_00041,Kathryn,Ryan,1991-05-22,2803,70011,EPO_BRONZE
MEMBER_A_00042,Alyssa,Smith,1961-05-24,4010,21418,EPO_BRONZE
MEMBER_A_00043,Andrew,Hickman,1997-12-29,7573,49736,HMO_SILVER
MEMBER_A_00044,Marie,Parker,1943-10-28,4422,83887,MEDICARE_A
MEMBER_A_00045,Natalie,Arroyo,1945-08-26,9125,28786,EPO_BRONZE
MEMBER_A_00046,Todd,Jones,1990-03-14,5313,07332,MEDICARE_A
MEMBER_A_00047,Katie,Anderson,1971-05-15,3752,04208,EPO_BRONZE
MEMBER_A_00048,Andrea,Baker,1997-07-30,5168,52582,MEDICARE_A
MEMBER_A_00049,Rodney,Lewis,1975-08-05,4386,08676,EPO_BRONZE
MEMBER_A_00050,Jessica,Harris,1960-07-28,3456,74342,HMO_SILVER
MEMBER_A_00051,Wanda,Santos,1968-11-29,5155,27870,PPO_GOLD
MEMBER_A_00052,Zachary,Martinez,1954-10-30,8179,51857,HMO_SILVER
MEMBER_A_00053,Matthew,Chapman,1955-03-10,7517,18727,HMO_SILVER
MEMBER_A_00054,Jeffrey,Jones,1981-08-26,4339,18302,PPO_GOLD
MEMBER_A_00055,Jeremy,Whitehead,1996-09-25,4040,97648,PPO_GOLD
MEMBER_A_00056,Chad,Young,1984-02-25,9197,70645,PPO_GOLD
MEMBER_A_00057,Jason,Anderson,2001-09-28,4304,97913,EPO_BRONZE
MEMBER_A_00058,Ashley,Kennedy,10/14/1991,9577,56156,EPO_BRONZE
MEMBER_A_00059,Lindsey,Lee,1946-05-25,9560,52351,HMO_SILVER
MEMBER_A_00060,Ryan,Henderson,1970-10-28,5930,28747,HMO_SILVER
MEMBER_A_00061,Jessica,Nunez,2004-12-14,2266,66785,EPO_BRONZE
MEMBER_A_00062,Corey,Powell,1962-05-24,8085,11916,MEDICARE_A
MEMBER_A_00063,Michelle,Wright,1952-07-21,0771,14372,HMO_SILVER
MEMBER_A_00064,Shane,Henderson,1958-05-20,,82241,MEDICARE_A
MEMBER_A_00065,John,Leblanc,1969-03-31,2621,89193,PPO_GOLD
MEMBER_A_00066,Michelle,Pierce,1943-05-04,6916,78173,MEDICARE_A
MEMBER_A_00067,Yvette,Huff,2003-12-14,1040,50433,EPO_BRONZE
MEMBER_A_00068,Sara,Allison,1950-12-23,6252,78105,HMO_SILVER
MEMBER_A_00069,Todd,Lewis,1966-06-20,7668,69353,EPO_BRONZE
MEMBER_A_00070,Brian,Gray,2005-01-10,4119,72513,HMO_SILVER
MEMBER_A_00071,Joseph,Bowers,1970-01-11,0188,89167,MEDICARE_A
MEMBER_A_00072,Rodney,Bernard,2005-09-11,1876,89354,HMO_SILVER
MEMBER_A_00073,Angela,Higgins,1950-03-20,8797,98420,PPO_GOLD
MEMBER_A_00074,Kenneth,Novak,1978-03-23,4371,84013,MEDICARE_A
MEMBER_A_00075,Amy,Adkins,1943-10-10,5573,14622,PPO_GOLD
MEMBER_A_00076,Breanna,Shaw,1996-04-11,4808,56986,EPO_BRONZE
MEMBER_A_00077,Eric,Yu,1945-04-15,2591,59471,EPO_BRONZE
MEMBER_A_00078,Jacob,Larson,1984-07-24,0053,94647,MEDICARE_A
MEMBER_A_00079,Joe,Wilson,1998-10-04,4315,65613,MEDICARE_A
MEMBER_A_00080,John,Wheeler,1980-11-16,2927,66543,MEDICARE_A
MEMBER_A_00081,Robert,Silva,1974-07-03,1743,81960,EPO_BRONZE
MEMBER_A_00082,Sarah,Harris,1987-04-08,4889,83749,HMO_SILVER
MEMBER_A_00083,John,Foster,1984-04-30,8317,79819,MEDICARE_A
MEMBER_A_00084,Kevin,Stewart,1989-08-15,3258,20033,EPO_BRONZE
MEMBER_A_00085,Charles,Ellis,2005-11-23,6126,99944,MEDICARE_A
MEMBER_A_00086,Wendy,Jones,1954-01-25,2646,70698,PPO_GOLD
MEMBER_A_00087,Joseph,Mahoney,02/19/1998,8689,00075,PPO_GOLD
MEMBER_A_00088,Natasha,Wood,05/30/1950,9813,42488,PPO_GOLD
MEMBER_A_00089,Martha,Warner,1980-05-15,8005,02553,EPO_BRONZE
MEMBER_A_00090,Vanessa,Valdez,1940-07-07,1832,47577,HMO_SILVER
MEMBER_A_00091,Lisa,Evans,1983-10-13,5038,31386,HMO_SILVER
MEMBER_A_00092,Sheila,Taylor,1947-08-14,0949,31572,MEDICARE_A
MEMBER_A_00093,Daniel,Tran,1957-12-22,9295,10323,MEDICARE_A
MEMBER_A_00094,Cassandra,Robbins,1953-06-08,1403,95933,HMO_SILVER
MEMBER_A_00095,Cynthia,Baker,1972-03-29,7962,09072,HMO_SILVER
MEMBER_A_00096,Rebecca,Mathis,1946-02-02,8727,16484,MEDICARE_A
MEMBER_A_00097,Rodney,Hill,1940-03-26,2103,86475,EPO_BRONZE
MEMBER_A_00098,Kellie,Walsh,1957-04-15,7787,72064,HMO_SILVER
MEMBER_A_00099,Joyce,Arnold,1968-03-23,2705,34742,PPO_GOLD
MEMBER_A_00100,Alec,Jones,1998-04-14,8645,79508,MEDICARE_A
MEMBER_A_00101,Rebecca,Gardner,1995-01-30,6932,27761,HMO_SILVER
MEMBER_A_00102,Brandi,Hernandez,1948-05-30,8835,98995,EPO_BRONZE
MEMBER_A_00103,Kyle,Nolan,1992-07-17,3295,93448,MEDICARE_A
MEMBER_A_00104,Michelle,Nolan,1953-11-12,5107,52297,PPO_GOLD
MEMBER_A_00105,John,Garcia,1991-06-27,6118,57423,MEDICARE_A
MEMBER_A_00106,Nicole,Russell,1980-12-17,8479,59178,HMO_SILVER
MEMBER_A_00107,Eric,Spears,1997-01-23,1982,32494,MEDICARE_A
MEMBER_A_00108,Theresa,Cochran,1998-03-04,3681,08393,EPO_BRONZE
MEMBER_A_00109,Angel,Doyle,1961-12-03,5539,02758,PPO_GOLD
MEMBER_A_00110,Sarah,Pham,1997-01-10,9638,72604,PPO_GOLD
MEMBER_A_00111,Lisa,Adams,1991-12-19,3770,77129,HMO_SILVER
MEMBER_A_00112,Daniel,Brennan ,1996-08-31,3608,00943,MEDICARE_A
MEMBER_A_00113,Jeffrey,Velasquez,05/19/1970,1163,92779,PPO_GOLD
MEMBER_A_00114,Kevin,Pope,1955-01-08,0964,30008,MEDICARE_A
MEMBER_A_00115,Andrew,Lee,1961-08-31,1104,04118,HMO_SILVER
MEMBER_A_00116,Michelle,Rasmussen,1958-06-03,5413,09288,MEDICARE_A
MEMBER_A_00117,Darlene,Ross,2004-10-02,8423,31196,HMO_SILVER
MEMBER_A_00118,Amanda,Crosby,1947-08-12,4562,87685,PPO_GOLD
MEMBER_A_00119,Tara,White,2003-07-11,7953,28081,PPO_GOLD
MEMBER_A_00120,Joseph,Rodriguez,1968-09-05,8834,17343,EPO_BRONZE
MEMBER_A_00121,Jessica,Edwards,1980-01-04,9355,75526,PPO_GOLD
MEMBER_A_00122,William,Cruz,1978-01-20,7744,31851,EPO_BRONZE
MEMBER_A_00123,Jonathan,Fletcher,1940-02-10,7749,53355,PPO_GOLD
MEMBER_A_00124,Sara,ryan,1987-06-25,3119,12364,HMO_SILVER
MEMBER_A_00125,Judy,Lambert,1964-01-14,1588,86375,HMO_SILVER
MEMBER_A_00126,Chad,Beck,1961-10-16,7062,46439,EPO_BRONZE
MEMBER_A_00127,Lee,Charles,1987-07-03,6939,53884,PPO_GOLD
MEMBER_A_00128,Kevin,Parker,1966-12-14,7651,95562,PPO_GOLD
MEMBER_A_00129,Richard,Phillips,1948-05-26,0887,88260,EPO_BRONZE
MEMBER_A_00130, Robert,Bentley,1984-09-13,1612,07945,MEDICARE_A
MEMBER_A_00131,Raven,Gilbert,1959-11-11,6596,95449,EPO_BRONZE
MEMBER_A_00132,Amy,Smith,1958-12-08,5559,14323,HMO_SILVER
MEMBER_A_00133,Russell,Carpenter,1983-03-18,,25113,EPO_BRONZE
MEMBER_A_00134,Steven,Ramos,1954-02-07,3116,70293,MEDICARE_A
MEMBER_A_00135,Thomas,Santana,1992-07-14,7350,18374,EPO_BRONZE
MEMBER_A_00136,Gene,Miller,1974-01-07,6912,24051,PPO_GOLD
MEMBER_A_00137,Cynthia,Rogers,1994-01-05,4563,60638,HMO_SILVER
MEMBER_A_00138,Karen,Chambers,1954-10-29,4092,09881,EPO_BRONZE
MEMBER_A_00139,James,Johnson,1956-02-28,7260,72133,EPO_BRONZE
MEMBER_A_00140,Thomas,Atkinson,1944-10-21,1604,06631,MEDICARE_A
MEMBER_A_00141,Robert,Soto,1952-10-31,8856,01935,MEDICARE_A
MEMBER_A_00142,Heather,Snyder,1956-02-07,1528,98772,EPO_BRONZE
MEMBER_A_00143,Diana,Smith,1989-07-24,3872,21799,EPO_BRONZE
MEMBER_A_00144,Kayla,Rodriguez,1968-01-22,6658,63654,MEDICARE_A
MEMBER_A_00145,Gregory,Rubio,1974-03-08,7886,28017,HMO_SILVER
MEMBER_A_00146,Brent,Wright,1995-12-27,6570,07686,HMO_SILVER
MEMBER_A_00147,Stephen,Solis,1984-01-22,2697,49673,MEDICARE_A
MEMBER_A_00148,Vanessa,Larson,2002-09-13,0035,51174,PPO_GOLD
MEMBER_A_00149,Patricia,Salazar,1987-06-21,4345,59639,EPO_BRONZE
MEMBER_A_00150,William,Rivas,1976-02-28,4673,55445,PPO_GOLD
MEMBER_A_00151,Phyllis,Manning,1971-04-30,9105,86753,MEDICARE_A
MEMBER_A_00152,Jonathon,Wright,1982-01-31,7973,20290,PPO_GOLD
MEMBER_A_00153,Katie,Boyd,1981-05-13,3111,38891,PPO_GOLD
MEMBER_A_00154,Joshua,Jones,1958-11-09,3566,07666,EPO_BRONZE
MEMBER_A_00155,Joseph,flores,1975-08-25,9489,96435,HMO_SILVER
MEMBER_A_00156,Devon,Hall,1985-10-19,8883,07990,HMO_SILVER
MEMBER_A_00157,Jasmine,Brown,11/25/1966,5138,07493,PPO_GOLD
MEMBER_A_00158,Amy,Perry,1953-08-25,0821,76570,MEDICARE_A
MEMBER_A_00159,Robert,Stein,1978-07-19,7811,65910,MEDICARE_A
MEMBER_A_00160,Heather,Gates,1990-07-12,8701,20636,EPO_BRONZE
MEMBER_A_00161,Omar,Smith,1963-03-20,0931,66563,HMO_SILVER
MEMBER_A_00162,Karen,Castaneda,2002-12-04,1312,24357,MEDICARE_A
MEMBER_A_00163,Robert,Adkins,1976-01-17,1122,77993,MEDICARE_A
MEMBER_A_00164,Carrie,Walker,1954-06-25,1113,88502,MEDICARE_A
MEMBER_A_00165,Ryan,Johnson,1962-03-08,3853,52924,PPO_GOLD
MEMBER_A_00166,Erin,Powell,1950-11-22,1964,74669,HMO_SILVER
MEMBER_A_00167,Tanner,Anderson,1981-01-25,4033,75881,EPO_BRONZE
MEMBER_A_00168,Anthony,Long,1977-04-01,9740,05210,MEDICARE_A
MEMBER_A_00169,Anthony,Day,1948-12-15,1343,54949,PPO_GOLD
MEMBER_A_00170,Steven,Williams,1965-01-07,9562,74086,EPO_BRONZE
MEMBER_A_00171,Jason,Murphy,1990-03-29,8565,41468,MEDICARE_A
MEMBER_A_00172,Nicholas,Walton,1994-11-27,4272,26773,HMO_SILVER
MEMBER_A_00173,Johnny,Miller,1941-04-12,5147,31286,MEDICARE_A
MEMBER_A_00174,Amber,Cooke,1963-02-05,4351,51877,HMO_SILVER
MEMBER_A_00175,Debra,Harrington,1983-01-06,2144,88040,MEDICARE_A
MEMBER_A_00176,Karen,Herring,1953-02-26,4915,59930,PPO_GOLD
MEMBER_A_00177,Andrew,Hernandez,1948-04-30,5180,98549,EPO_BRONZE
MEMBER_A_00178,Elizabeth,Elliott,1954-05-21,1188,01221,PPO_GOLD
MEMBER_A_00179,Holly,Wang,1951-01-27,7508,81417,PPO_GOLD
MEMBER_A_00180,Catherine,Adkins,1947-07-23,9224,13105,HMO_SILVER
MEMBER_A_00181,Lori,Oconnell,1947-02-18,1200,70469,PPO_GOLD
MEMBER_A_00182,Anthony,Collins,1984-09-14,3492,66308,EPO_BRONZE
MEMBER_A_00183,Susan,Sanders,1987-03-11,4345,17362,HMO_SILVER
MEMBER_A_00184,Charles,Vaughn,1981-05-25,5718,09017,HMO_SILVER
MEMBER_A_00185,Curtis,Barton,1996-02-13,4002,48435,PPO_GOLD
MEMBER_A_00186,Caroline,Martinez,2004-12-06,4669,20677,EPO_BRONZE
MEMBER_A_00187,Kimberly,Reed,1968-04-09,7179,71201,EPO_BRONZE
MEMBER_A_00188,Mitchell,Hunter,1962-07-09,4956,80174,EPO_BRONZE
MEMBER_A_00189,Melissa,Short,1946-12-19,8666,01026,PPO_GOLD
MEMBER_A_00190,Susan,Reid,1994-09-10,9086,39241,MEDICARE_A
MEMBER_A_00191,Jasmine,graham,1988-06-05,1697,17602,PPO_GOLD
MEMBER_A_00192,Tammy,Nelson,1993-05-04,4333,15130,PPO_GOLD
MEMBER_A_00193,Amanda,Webb,1968-09-29,1753,97311,MEDICARE_A
MEMBER_A_00194,Jessica,Adams,1996-03-18,9064,20375,MEDICARE_A
MEMBER_A_00195,Mariah,Miller,1998-03-09,4462,36931,MEDICARE_A
MEMBER_A_00196,John,Marshall ,1980-04-12,9909,27608,MEDICARE_A
MEMBER_A_00197,Nicholas,Johnson,1996-02-29,5617,26686,HMO_SILVER
MEMBER_A_00198,Hunter,Lewis,1992-08-27,4325,66245,PPO_GOLD
MEMBER_A_00199,Matthew,Beard,1986-04-11,8004,32915,EPO_BRONZE
MEMBER_A_00200,Joshua,Smith,2002-07-27,0832,12098,PPO_GOLD
MEMBER_A_00201, Christopher,Cortez,1972-03-30,6939,36266,PPO_GOLD
MEMBER_A_00202, Katherine,Vaughn,1982-08-18,0722,00465,MEDICARE_A
MEMBER_A_00203,Travis,Mcguire,1946-02-21,5464,17147,EPO_BRONZE
MEMBER_A_00204,Jeffrey,Holt,1960-03-17,4291,21179,HMO_SILVER
MEMBER_A_00205,Bonnie,Kennedy,1975-01-15,7239,72310,HMO_SILVER
MEMBER_A_00206,Ronald,Reese,1961-10-31,7007,73520,MEDICARE_A
MEMBER_A_00207,Jacqueline,Nelson,1956-08-04,0158,14664,HMO_SILVER
MEMBER_A_00208,David,Lee,1947-11-21,1232,90574,EPO_BRONZE
MEMBER_A_00209,Amanda,Gill,1952-03-21,2442,71512,EPO_BRONZE
MEMBER_A_00210,Javier,Washington,1987-10-27,0590,48394,EPO_BRONZE
MEMBER_A_00211,Tiffany,Warren,1958-09-04,9543,72421,PPO_GOLD
MEMBER_A_00212,Craig,Lee,1955-01-05,2426,56334,HMO_SILVER
MEMBER_A_00213,Harry,Smith,1975-04-02,2088,05483,EPO_BRONZE
MEMBER_A_00214,Joshua,Mccann,1976-07-09,5050,47796,EPO_BRONZE
MEMBER_A_00215,Heidi,Martinez,1997-04-26,0653,46899,PPO_GOLD
MEMBER_A_00216, Travis,Salas,1977-11-20,3441,89400,MEDICARE_A
MEMBER_A_00217,Taylor,Alexander,1952-03-02,4088,87417,MEDICARE_A
MEMBER_A_00218,Brett,Everett,1971-07-13,1684,46358,EPO_BRONZE
MEMBER_A_00219,Lynn,Morales,1944-11-20,9173,53265,EPO_BRONZE
MEMBER_A_00220,Crystal,Brown,1949-11-05,2532,31030,PPO_GOLD
MEMBER_A_00221,Anna,Torres,2005-08-06,2662,23207,HMO_SILVER
MEMBER_A_00222,David,Duran,1980-01-06,6755,03249,EPO_BRONZE
MEMBER_A_00223,Krystal,Perez,1974-06-28,2938,96543,HMO_SILVER
MEMBER_A_00224,Shannon,Ramos,1996-10-08,5442,53965,EPO_BRONZE
MEMBER_A_00225,Veronica,Torres,1980-12-26,4065,34971,PPO_GOLD
MEMBER_A_00226,Chelsea,Singh,07/16/2002,2608,91918,PPO_GOLD
MEMBER_A_00227,Jared,Clark,1983-08-03,1771,50141,EPO_BRONZE
MEMBER_A_00228,Eric,Thompson,1944-12-14,0634,61695,PPO_GOLD
MEMBER_A_00229,Aaron,Hayes,1979-03-11,3644,26159,PPO_GOLD
MEMBER_A_00230,Kelly,Hall,1986-08-28,7541,45831,MEDICARE_A
MEMBER_A_00231,Jacqueline,Gibson,1985-05-14,5000,29832,MEDICARE_A
MEMBER_A_00232,Sandra,French,1981-04-02,3652,03102,PPO_GOLD
MEMBER_A_00233,Donna,Peck,1968-01-22,3164,52228,HMO_SILVER
MEMBER_A_00234,Amy,Holland,1999-12-15,5378,36518,MEDICARE_A
MEMBER_A_00235,Margaret,Jones,1950-12-13,1137,36586,MEDICARE_A
MEMBER_A_00236, Kyle,Curry,1977-07-26,5753,84081,MEDICARE_A
MEMBER_A_00237,Keith,Martinez,1985-06-14,8346,52387,HMO_SILVER
MEMBER_A_00238,Holly,Bender,1973-01-11,8785,43405,PPO_GOLD
MEMBER_A_00239,Troy,Miller,08/18/1942,0452,15119,EPO_BRONZE
MEMBER_A_00240,Ryan,Morris,1956-07-10,4279,23406,PPO_GOLD
MEMBER_A_00241,Christopher,Hayden,1995-03-04,9512,34796,HMO_SILVER
MEMBER_A_00242,Barbara,Sampson,2005-12-20,0626,14209,PPO_GOLD
MEMBER_A_00243,Emily,Adams,1942-08-27,9774,56960,PPO_GOLD
MEMBER_A_00244,Katelyn,Ruiz,1982-12-31,5663,95492,EPO_BRONZE
MEMBER_A_00245,Sabrina,White,1978-08-18,5139,57200,MEDICARE_A
MEMBER_A_00246,Cynthia,Vasquez,1946-01-08,9932,67034,PPO_GOLD
MEMBER_A_00247,Michael,Cook,1984-03-24,1894,50489,EPO_BRONZE
MEMBER_A_00248,Mia,Rivera,1985-10-12,9446,24915,PPO_GOLD
MEMBER_A_00249,Keith,Landry,1993-09-10,4173,05818,PPO_GOLD
MEMBER_A_00250,Andrea,Gibson,1960-10-03,7144,00222,EPO_BRONZE
MEMBER_A_00251,Marcus,Cordova,09/04/1966,8518,70576,HMO_SILVER
MEMBER_A_00252,Xavier,Travis,1983-05-28,3228,47740,HMO_SILVER
MEMBER_A_00253,Amy,Gutierrez,1952-05-18,7066,09172,PPO_GOLD
MEMBER_A_00254,Michael,Avila,1981-04-11,5409,81679,EPO_BRONZE
MEMBER_A_00255,Kathleen,Harris,1976-03-31,5143,86952,PPO_GOLD
MEMBER_A_00256, Sara,Kim,1986-01-31,2041,94340,EPO_BRONZE
MEMBER_A_00257,David,Dudley,1980-03-08,4920,66470,MEDICARE_A
MEMBER_A_00258,John,Moore,1976-05-09,5067,87411,HMO_SILVER
MEMBER_A_00259,Andrea,Davis,2005-06-27,6691,42754,HMO_SILVER
MEMBER_A_00260,Robin,Murray,1947-10-02,6592,91385,MEDICARE_A
MEMBER_A_00261,Marilyn,Jimenez,1987-04-18,4844,72668,MEDICARE_A
MEMBER_A_00262,William,Hill,1995-02-02,2085,25145,PPO_GOLD
MEMBER_A_00263,Tina,Sanchez,1976-05-19,6888,87154,MEDICARE_A
MEMBER_A_00264,Patrick,Weeks,1973-07-17,6211,88778,PPO_GOLD
MEMBER_A_00265,Natasha,Shields,1958-03-26,2851,80677,PPO_GOLD
MEMBER_A_00266,Kristy,Perry,2001-08-28,9324,39447,HMO_SILVER
MEMBER_A_00267,William,Hoover,1958-09-01,6653,71820,PPO_GOLD
MEMBER_A_00268,Kenneth,Matthews,2005-12-04,0006,39830,MEDICARE_A
MEMBER_A_00269,Tracy,Hernandez,1975-07-19,4700,27550,EPO_BRONZE
MEMBER_A_00270,Michael,Arnold,1975-11-12,7043,76020,EPO_BRONZE
MEMBER_A_00271,Stanley,Morris,1952-06-13,9939,85814,MEDICARE_A
MEMBER_A_00272,Heidi,Armstrong,1955-06-01,5279,60947,HMO_SILVER
MEMBER_A_00273, Kimberly,Williams,1989-02-23,7238,57955,EPO_BRONZE
MEMBER_A_00274,Janet,Shepherd,1965-06-24,3501,67001,PPO_GOLD
MEMBER_A_00275,Elizabeth,Hoover,2004-09-24,7752,96464,EPO_BRONZE
MEMBER_A_00276,Tyler,Johnson,1973-02-24,2780,86357,PPO_GOLD
MEMBER_A_00277,Brittany,Kane,1997-09-11,1389,37197,MEDICARE_A
MEMBER_A_00278,Scott,Fox,1970-02-26,8445,87013,EPO_BRONZE
MEMBER_A_00279,Jennifer,Ortiz,1983-03-20,5491,12241,EPO_BRONZE
MEMBER_A_00280,Eric,Harrison,2003-12-19,3848,88185,MEDICARE_A
MEMBER_A_00281,Matthew,Schwartz,1982-11-20,5085,29445,EPO_BRONZE
MEMBER_A_00282,Melissa,Phelps,1996-09-18,3262,19314,MEDICARE_A
MEMBER_A_00283,Norman,Stewart,1987-06-08,0400,06058,HMO_SILVER
MEMBER_A_00284,Katherine,Brennan,1942-05-15,4011,62278,EPO_BRONZE
MEMBER_A_00285,Casey,Welch,2000-10-11,1193,59693,EPO_BRONZE
MEMBER_A_00286,Wendy,Francis,1968-08-22,6790,82545,MEDICARE_A
MEMBER_A_00287,Corey,Schultz,1997-08-03,9431,25486,MEDICARE_A
MEMBER_A_00288,Scott,Benson,1999-08-16,6291,64800,HMO_SILVER
MEMBER_A_00289,Brandon,Flynn,1959-05-12,6547,31980,EPO_BRONZE
MEMBER_A_00290,Nicholas,Thomas,1975-01-21,2417,85991,HMO_SILVER
MEMBER_A_00291,Ashlee,Sparks,1951-03-21,0090,98431,MEDICARE_A
MEMBER_A_00292,Christian,Pitts,1980-11-24,1746,55725,MEDICARE_A
MEMBER_A_00293,John,Durham,1949-06-11,3585,23054,EPO_BRONZE
MEMBER_A_00294,Steven,King,1956-11-06,8486,60890,MEDICARE_A
MEMBER_A_00295,Albert,Ballard,1999-06-24,0822,73061,MEDICARE_A
MEMBER_A_00296,Erica,Moore,02/25/1969,4082,15907,PPO_GOLD
MEMBER_A_00297,Michael,Matthews,1982-03-03,7478,17478,EPO_BRONZE
MEMBER_A_00298,Roger,Wright,1995-10-15,7612,87501,EPO_BRONZE
MEMBER_A_00299,James,Cruz,11/22/1971,8702,73260,EPO_BRONZE
MEMBER_A_00300,John,Armstrong,1977-12-08,9755,41589,EPO_BRONZE
MEMBER_A_00301,Victoria,Phillips,2004-07-17,7251,80302,PPO_GOLD
MEMBER_A_00302,Dominique,Hill,1977-05-08,8270,55934,MEDICARE_A
MEMBER_A_00303,Gina,Garner,1943-03-28,8976,58447,PPO_GOLD
MEMBER_A_00304,Catherine,Crawford,1999-09-03,2607,97473,HMO_SILVER
MEMBER_A_00305,Justin,Lindsey,1980-01-24,7777,58992,HMO_SILVER
MEMBER_A_00306,Michael,Fields,1980-12-23,4246,98537,MEDICARE_A
MEMBER_A_00307,Erica,Le,1983-07-04,4050,83580,EPO_BRONZE
MEMBER_A_00308,Mary,Fuller,1999-08-16,4543,68328,MEDICARE_A
MEMBER_A_00309,Debbie,Parker,1969-02-03,7939,82150,PPO_GOLD
MEMBER_A_00310,Bethany,Oconnor,1945-12-12,3919,35993,MEDICARE_A
MEMBER_A_00311,Kenneth,Burgess,1951-08-04,7206,10156,PPO_GOLD
MEMBER_A_00312,David,Ryan,2004-02-12,4681,30736,EPO_BRONZE
MEMBER_A_00313,Alyssa,Mcintyre,1994-10-23,4451,44021,MEDICARE_A
MEMBER_A_00314,Jonathan,Summers,1971-10-20,5238,70799,MEDICARE_A
MEMBER_A_00315,Lindsay,Francis,1962-05-10,1320,18137,MEDICARE_A
MEMBER_A_00316,Darius,Mccarty,1949-04-16,2471,30312,EPO_BRONZE
MEMBER_A_00317,Tammy,Dalton,1987-10-18,6275,90958,HMO_SILVER
MEMBER_A_00318,Tina,Coffey,1993-02-06,2503,92592,EPO_BRONZE
MEMBER_A_00319,Michael,Gibbs,1940-12-01,3505,08419,MEDICARE_A
MEMBER_A_00320,Amanda,Gibson,1984-05-28,6797,53425,HMO_SILVER
MEMBER_A_00321,Emily,Richards,1994-04-12,5421,71122,PPO_GOLD
MEMBER_A_00322,Shelby,Rodriguez,1955-06-07,7633,54497,PPO_GOLD
MEMBER_A_00323,Angel,Henson,1977-01-19,1020,27111,MEDICARE_A
MEMBER_A_00324,Rose,Walker,1944-03-03,6883,51050,EPO_BRONZE
MEMBER_A_00325,Madison,Blankenship,1959-12-11,9569,91164,EPO_BRONZE
MEMBER_A_00326,Ricky,Taylor,2002-06-14,0320,75457,PPO_GOLD
MEMBER_A_00327,Kevin,Vasquez,1946-05-31,6232,62519,HMO_SILVER
MEMBER_A_00328,Paige,Taylor,1969-12-09,0096,46106,MEDICARE_A
MEMBER_A_00329,Ellen,Paul,2002-06-07,4892,98760,MEDICARE_A
MEMBER_A_00330,Robert,Newton,1950-03-13,,54922,EPO_BRONZE
MEMBER_A_00331,Robert,Garcia,1972-04-18,8818,97979,EPO_BRONZE
MEMBER_A_00332,Ricky,Lynn,1942-02-27,8947,79070,MEDICARE_A
MEMBER_A_00333,Mitchell,Ramos,2002-09-26,3613,63994,PPO_GOLD
MEMBER_A_00334,Melissa,Garcia,1985-04-03,3595,35775,EPO_BRONZE
MEMBER_A_00335,Amy,Levine,1963-09-03,7140,63655,EPO_BRONZE
MEMBER_A_00336,Raymond,Lopez,1948-01-23,0475,50969,EPO_BRONZE
MEMBER_A_00337,Melanie,Gibson,1983-09-28,5507,87671,MEDICARE_A
MEMBER_A_00338,Darlene,Harper,1941-05-29,6624,94920,EPO_BRONZE
MEMBER_A_00339,Kristin,Sanchez,1948-04-23,2704,61262,HMO_SILVER
MEMBER_A_00340,Anne,Jones,1990-07-01,2091,81561,MEDICARE_A
MEMBER_A_00341,Jamie,Robinson,1997-05-25,8751,03535,HMO_SILVER
MEMBER_A_00342,Mark,Hernandez,1999-06-08,6455,77581,HMO_SILVER
MEMBER_A_00343,Aaron,Garrison,1949-07-19,9246,86901,HMO_SILVER
MEMBER_A_00344,David,King,1951-07-08,0444,11004,EPO_BRONZE
MEMBER_A_00345,Donna,Johnson,1940-12-24,7022,17787,PPO_GOLD
MEMBER_A_00346,Kristy,Young,1961-05-14,7564,23820,EPO_BRONZE
MEMBER_A_00347,Grant,Williams,1988-12-13,0823,34100,EPO_BRONZE
MEMBER_A_00348,Alicia,Reese,1971-06-07,6211,42907,EPO_BRONZE
MEMBER_A_00349,Kimberly,Palmer,1947-03-13,3467,59599,HMO_SILVER
MEMBER_A_00350,William,Dougherty,1942-11-11,5355,44237,HMO_SILVER
MEMBER_A_00351,Krista,Camacho,1974-06-01,6211,36472,HMO_SILVER
MEMBER_A_00352,Stephen,Maynard,1944-01-06,6906,33066,MEDICARE_A
MEMBER_A_00353,Timothy,Morales ,1985-04-13,1341,61645,HMO_SILVER
MEMBER_A_00354, Tracy,Browning,1944-11-06,0317,98177,EPO_BRONZE
MEMBER_A_00355,Christopher,Franklin,1944-05-02,8837,06827,PPO_GOLD
MEMBER_A_00356,Joshua,Schultz,1976-03-10,5733,29390,EPO_BRONZE
MEMBER_A_00357,Mark,Vang,1975-01-06,1124,85427,MEDICARE_A
MEMBER_A_00358,Shawn,Jacobs,1946-07-18,0659,98859,MEDICARE_A
MEMBER_A_00359, Jacqueline,Farrell,1982-12-16,0508,32412,HMO_SILVER
MEMBER_A_00360,Kayla,Le,1954-03-11,3266,02672,EPO_BRONZE
MEMBER_A_00361,Shannon,Perez,1962-05-15,2496,31267,PPO_GOLD
MEMBER_A_00362,Shawn,Perry,04/11/1946,2068,62071,MEDICARE_A
MEMBER_A_00363,Ronald,Ortega,1964-09-13,1874,73921,PPO_GOLD
MEMBER_A_00364,Elijah,Leblanc,1944-06-06,3571,60953,HMO_SILVER
MEMBER_A_00365,Marie,Davis,1946-05-16,4198,48352,EPO_BRONZE
MEMBER_A_00366,Joanne,Cain,1976-09-19,2749,79416,EPO_BRONZE
MEMBER_A_00367,Brenda,Hoffman,1961-10-03,9949,98033,HMO_SILVER
MEMBER_A_00368,David,Gomez,1983-11-29,1876,21466,EPO_BRONZE
MEMBER_A_00369,Karen,Parrish,08/03/1987,5096,14169,MEDICARE_A
MEMBER_A_00370,Tanya,Burke,1963-03-17,9481,03366,PPO_GOLD
MEMBER_A_00371,Becky,Lewis,1983-05-06,5111,75471,EPO_BRONZE
MEMBER_A_00372,Jeffrey,Rodriguez,1995-10-17,6149,51991,EPO_BRONZE
MEMBER_A_00373,Michael,Farmer,1977-11-21,3249,09962,PPO_GOLD
MEMBER_A_00374, Lindsay,Bruce,2004-04-26,9700,90521,EPO_BRONZE
MEMBER_A_00375,Loretta,Austin,1982-06-01,3978,13357,MEDICARE_A
MEMBER_A_00376,Anthony,Hickman,1994-09-28,4941,89688,MEDICARE_A
MEMBER_A_00377,Joseph,White,1986-05-18,9837,15867,PPO_GOLD
MEMBER_A_00378,Kyle,Morgan,1940-05-27,9272,05384,MEDICARE_A
MEMBER_A_00379,Molly,Knight,1966-06-14,5688,69828,EPO_BRONZE
MEMBER_A_00380,Donald,Schultz,1942-01-09,7018,86707,HMO_SILVER
MEMBER_A_00381,Julie,Lewis,1967-09-16,6071,09039,PPO_GOLD
MEMBER_A_00382,Matthew,Wood,1987-08-16,8289,84875,HMO_SILVER
MEMBER_A_00383,Kimberly,Bradley,1945-08-09,5590,01659,PPO_GOLD
MEMBER_A_00384,Brian,Moore,1980-10-10,6882,64252,MEDICARE_A
MEMBER_A_00385,Emily,Nelson,1983-09-08,1729,56823,PPO_GOLD
MEMBER_A_00386,Todd,Ramos,1958-01-10,5934,83308,HMO_SILVER
MEMBER_A_00387,Kari,Wilson,1968-05-16,7532,92709,PPO_GOLD
MEMBER_A_00388,Justin,Gregory,1972-02-12,2506,57081,PPO_GOLD
MEMBER_A_00389,Elizabeth,Williams,1966-02-01,2885,96181,MEDICARE_A
MEMBER_A_00390,Carol,Smith,1959-11-23,8548,85257,MEDICARE_A
MEMBER_A_00391,Jason,taylor,1956-11-11,4425,80729,EPO_BRONZE
MEMBER_A_00392,Mark,Smith,1989-04-20,8817,63373,EPO_BRONZE
MEMBER_A_00393,Gregory,James,1986-06-10,7616,57092,MEDICARE_A
MEMBER_A_00394,Vincent,Whitaker,1993-03-17,9707,35180,HMO_SILVER
MEMBER_A_00395, Charles,Hensley,1942-10-16,5280,32178,EPO_BRONZE
MEMBER_A_00396,Andrew,Morse,11/24/1996,1419,36560,MEDICARE_A
MEMBER_A_00397,Barbara,Berry,1986-10-29,7385,31964,MEDICARE_A
MEMBER_A_00398,Robert,Wilson,1941-05-17,7613,74692,MEDICARE_A
MEMBER_A_00399,Mark,Solis,1980-10-17,9999,87581,MEDICARE_A
MEMBER_A_00400,Marilyn,Gillespie,1945-10-25,6209,44093,PPO_GOLD
MEMBER_A_00401,Megan,Sanchez,11/12/1978,0470,64790,MEDICARE_A
MEMBER_A_00402,Alexandria,Foster,1960-06-23,5325,23835,HMO_SILVER
MEMBER_A_00403,Matthew,Cook,1951-02-05,7988,27803,EPO_BRONZE
MEMBER_A_00404,William,Wilson,1973-08-27,5813,33863,HMO_SILVER
MEMBER_A_00405,Rebecca,Bailey,1988-01-03,5576,36656,HMO_SILVER
MEMBER_A_00406,Lori,Briggs,1955-08-05,9767,91906,EPO_BRONZE
MEMBER_A_00407,Dwayne,Gonzalez,1979-10-04,4526,72849,EPO_BRONZE
MEMBER_A_00408,Kathleen,Rios,1951-09-10,0166,67716,HMO_SILVER
MEMBER_A_00409,Kendra,Snyder,1989-10-16,3130,11222,EPO_BRONZE
MEMBER_A_00410,Kathleen,Cole,2000-12-28,3954,94382,EPO_BRONZE
MEMBER_A_00411,Anne,reid,1981-03-20,6658,64039,MEDICARE_A
MEMBER_A_00412,Michelle,Burton,1949-12-17,9096,99375,HMO_SILVER
MEMBER_A_00413,Carlos,Ramos,1959-12-26,3937,90520,EPO_BRONZE
MEMBER_A_00414,Joshua,Brown,1973-06-25,7800,84660,HMO_SILVER
MEMBER_A_00415,Lance,Hayes,1943-10-03,8041,58744,EPO_BRONZE
MEMBER_A_00416,Marie,Jones,01/14/1997,0282,12197,EPO_BRONZE
MEMBER_A_00417,Melissa,Gilbert,1973-06-19,4820,29046,MEDICARE_A
MEMBER_A_00418,Steven,Spencer,1992-04-04,6625,90674,HMO_SILVER
MEMBER_A_00419,Paula,Cole,1993-06-12,3986,40136,PPO_GOLD
MEMBER_A_00420,Denise,Morris,1971-05-23,9528,48369,MEDICARE_A
MEMBER_A_00421,Edward,Brown,1946-10-31,7753,72545,PPO_GOLD
MEMBER_A_00422,Rachel,Cooper,1987-02-22,8698,45057,EPO_BRONZE
MEMBER_A_00423,William,Thompson,1956-05-08,6971,97772,EPO_BRONZE
MEMBER_A_00424,Samuel,Gonzales,1974-07-02,9017,43358,EPO_BRONZE
MEMBER_A_00425,Erik,Watson,1958-09-02,5764,92125,HMO_SILVER
MEMBER_A_00426,Riley,Morgan,1979-06-17,7434,35510,HMO_SILVER
MEMBER_A_00427,Kristina,Holland,1944-05-07,5023,32952,MEDICARE_A
MEMBER_A_00428,Cody,Gregory,1958-10-02,,15815,EPO_BRONZE
MEMBER_A_00429,Jennifer,Douglas,1999-10-26,3155,41360,PPO_GOLD
MEMBER_A_00430,Morgan,Cook,1978-06-17,1958,97371,MEDICARE_A
MEMBER_A_00431,Donald,Bailey,2003-11-13,8779,99902,EPO_BRONZE
MEMBER_A_00432,Holly,Myers,1979-04-10,3033,25106,HMO_SILVER
MEMBER_A_00433,Sharon,Collins,1964-11-10,3545,96811,PPO_GOLD
MEMBER_A_00434,Latasha,Li,1984-03-23,7933,36242,MEDICARE_A
MEMBER_A_00435,Maria,Rodgers,1985-03-27,9659,99642,MEDICARE_A
MEMBER_A_00436,Alicia,Lucas,1967-12-11,8595,78223,MEDICARE_A
MEMBER_A_00437,Michael,Cox,11/24/1951,4636,13177,EPO_BRONZE
MEMBER_A_00438,Jason,Meza,1972-02-04,3180,38830,MEDICARE_A
MEMBER_A_00439,Jeremy,Taylor,1945-02-03,3727,47302,PPO_GOLD
MEMBER_A_00440,Megan,Garcia,1990-11-16,2939,39619,PPO_GOLD
MEMBER_A_00441,Mary,Stephenson,1942-06-28,0231,92802,EPO_BRONZE
MEMBER_A_00442,Matthew,Miranda,1948-08-25,8751,16592,PPO_GOLD
MEMBER_A_00443,Nicholas,Martin,1994-11-13,4494,05966,EPO_BRONZE
MEMBER_A_00444,Kellie,Lamb,1950-12-04,0893,72530,EPO_BRONZE
MEMBER_A_00445,Samuel,Jenkins,08/21/1984,4786,91412,PPO_GOLD
MEMBER_A_00446,John,Wallace ,1958-10-21,2068,83607,EPO_BRONZE
MEMBER_A_00447,Kaitlyn,Cole,1975-03-30,8042,13447,HMO_SILVER
MEMBER_A_00448,Kyle,Stokes,1970-12-15,0200,75244,PPO_GOLD
MEMBER_A_00449,Mary,Richardson,2002-07-05,4658,61525,PPO_GOLD
MEMBER_A_00450,Tracey,Murray,1958-08-06,7843,57734,MEDICARE_A
MEMBER_A_00451,Patrick,Rose,2003-10-09,5582,24165,EPO_BRONZE
MEMBER_A_00452,Lisa,Solis,1949-02-18,0841,33093,EPO_BRONZE
MEMBER_A_00453,John,Davidson,1997-09-09,7827,14954,MEDICARE_A
MEMBER_A_00454,Angela,Garcia,1995-10-30,1070,52522,MEDICARE_A
MEMBER_A_00455,Melissa,Mitchell,1990-05-13,8056,09711,MEDICARE_A
MEMBER_A_00456,Joshua,Whitehead,1949-09-21,9453,82503,HMO_SILVER
MEMBER_A_00457,Samuel,Potts,1954-08-27,0878,19888,HMO_SILVER
MEMBER_A_00458,Shannon,Bailey,1941-10-04,2444,73773,PPO_GOLD
MEMBER_A_00459,Brian,Shaw,1955-07-24,4978,11165,HMO_SILVER
MEMBER_A_00460,Virginia,Brooks,1941-11-10,4066,15526,MEDICARE_A
MEMBER_A_00461,Sarah,Combs,1982-11-23,9143,54549,EPO_BRONZE
MEMBER_A_00462,Lacey,Taylor,1958-12-07,9933,78136,PPO_GOLD
MEMBER_A_00463,Maria,Horton,1949-02-27,3697,68495,HMO_SILVER
MEMBER_A_00464,Janice,West,1940-05-06,6232,59050,HMO_SILVER
MEMBER_A_00465,Christian,Scott,1995-02-08,7253,38975,MEDICARE_A
MEMBER_A_00466,Ana,Acosta,1974-10-31,9642,56208,EPO_BRONZE
MEMBER_A_00467,Daniel,Roberts,1959-11-16,5003,74532,EPO_BRONZE
MEMBER_A_00468,Brandon,Barnes,1992-05-24,0986,79906,EPO_BRONZE
MEMBER_A_00469,Stephen,Rodriguez,1999-09-27,1625,99974,PPO_GOLD
MEMBER_A_00470,Candice,Smith,1974-01-05,3404,81988,EPO_BRONZE
MEMBER_A_00471,John,Thomas,1968-04-30,3457,34688,PPO_GOLD
MEMBER_A_00472,Christina,Allen,1967-06-29,1330,20586,EPO_BRONZE
MEMBER_A_00473,Elizabeth,Miller,2004-04-29,3929,22783,PPO_GOLD
MEMBER_A_00474,Carlos,Fox,1973-06-25,9043,09839,MEDICARE_A
MEMBER_A_00475,Vanessa,Spencer,1965-10-08,2564,00351,HMO_SILVER
MEMBER_A_00476,Theodore,Reid,2004-09-29,6693,59049,PPO_GOLD
MEMBER_A_00477,Jon,Smith,1992-01-16,9729,61593,MEDICARE_A
MEMBER_A_00478,Michael,quinn,1981-06-18,4771,04279,EPO_BRONZE
MEMBER_A_00479,Kelsey,Moss,1961-12-11,3792,37763,MEDICARE_A
MEMBER_A_00480,Bradley,Payne,1993-09-09,4632,92142,HMO_SILVER
MEMBER_A_00481,Gregory,Maxwell,1970-08-31,7438,09330,MEDICARE_A
MEMBER_A_00482,Heather,Welch,1993-07-22,3824,34676,PPO_GOLD
MEMBER_A_00483,Bryan,Parsons,1970-03-16,9663,86663,HMO_SILVER
MEMBER_A_00484,Kelly,Williams,1953-03-01,3241,55724,PPO_GOLD
MEMBER_A_00485,Bobby,Mahoney,1974-01-05,1880,71377,PPO_GOLD
MEMBER_A_00486,Veronica,Daniels,1956-09-19,3683,84887,EPO_BRONZE
MEMBER_A_00487,Karen,Lee,1963-07-24,2441,34817,MEDICARE_A
MEMBER_A_00488,Kimberly,Glenn,1961-11-27,2330,09360,PPO_GOLD
MEMBER_A_00489,David,Richardson,1998-09-14,0977,21748,PPO_GOLD
MEMBER_A_00490,Julia,Kline,1965-07-08,5039,77994,PPO_GOLD
MEMBER_A_00491,Terri,crawford,1972-11-01,9325,37829,EPO_BRONZE
MEMBER_A_00492,Sandra,Stone,1992-11-15,7195,16300,EPO_BRONZE
MEMBER_A_00493,Jessica,Miller,1979-10-05,7679,90267,MEDICARE_A
MEMBER_A_00494,Lynn,Gardner,1961-03-14,4982,91716,EPO_BRONZE
MEMBER_A_00495,Christopher,Guerrero,1960-03-24,6594,35684,MEDICARE_A
MEMBER_A_00496,Carrie,Simmons,1985-07-10,8199,70777,MEDICARE_A
MEMBER_A_00497,Michael,Williams,1997-06-03,8090,57378,EPO_BRONZE
MEMBER_A_00498,Michael,Bolton,1958-02-13,1317,78386,MEDICARE_A
MEMBER_A_00499,Tina,Gould,12/13/1944,0653,56627,MEDICARE_A
MEMBER_A_00500,Dana,Cox,1992-11-14,5280,79130,MEDICARE_A
